Code,Food Name,Energy_(kJ),Energy_(kcal),Water (g),Protein (g),Fat (g),Carb (g),Fibre (g),Ash (g),Calcium (mg),Iron (mg),Magnesium (mg),Phosphorus (mg),Potassium (mg),Sodium (mg),Zinc (mg),Selenium (mcg),VitA_RAE,VitA_RE,Retinol,BetaCaratone,Thiamin,Riboflavin,Niacin,DietaryFolatEq,FoodFolate,VitB12,VitC
15001,Uji wa mahindi (Maize Porridge),221,52,87.5,1.5,1.1,8.5,1.1,0.3,25.0,0.3,12,64,50,10.0,0.33,2.0,7.0,7.0,7.0,3.0,0.02,0.05,0.2,7.0,7.0,0.09,0.0
15002,"Sorghum, Finger Millet and Maize Porridge",174,41,89.8,1.3,0.9,6.3,1.3,0.4,33.0,0.5,14,47,57,10.0,0.27,2.0,7.0,7.0,7.0,3.0,0.02,0.05,0.3,5.0,5.0,0.09,0.0
15003,Kaimati (Fried Dumplings),1800,429,18.8,4.6,21.8,52.8,1.6,0.4,17.0,2.1,16,93,81,4.0,0.45,0.0,30.0,30.0,30.0,1.0,0.33,0.25,2.0,,76.0,0.25,0.0
15004,Mahamri (Swahili Doughnuts),1730,413,22.8,6.0,22.1,46.6,2.1,0.4,20.0,2.8,19,113,101,4.0,0.56,0.0,41.0,42.0,41.0,1.0,0.43,0.3,2.7,,60.0,0.34,0.1
15005,Whole Maize Flour Ugali,596,141,64.5,3.3,1.8,26.0,3.8,0.5,12.0,1.1,31,150,93,7.0,0.77,4.0,0.0,0.0,0.0,0.0,0.08,0.04,0.8,20.0,20.0,0.0,0.0
15006,Maize and Finger Millet Flour Ugali,562,133,64.0,3.1,1.3,24.0,6.6,1.0,79.0,2.9,48,112,158,6.0,0.73,5.0,0.0,0.0,0.0,0.0,0.07,0.02,1.2,24.0,24.0,0.0,0.0
15007,"Maize, Red Sorghum and Finger Millet Ugali",543,129,66.2,3.1,1.4,23.3,5.3,0.8,39.0,1.9,44,118,131,6.0,0.72,5.0,0.0,0.0,0.0,0.0,0.07,0.03,1.0,20.0,20.0,0.0,0.0
15008,Cassava and Red Sorghum Ugali,489,116,69.6,2.1,0.8,23.4,3.4,0.7,24.0,0.9,38,74,163,9.0,0.5,5.0,0.0,0.0,0.0,3.0,0.05,0.04,0.7,14.0,14.0,0.0,0.5
15009,Refined Maize Flour Ugali,626,148,62.8,3.4,1.9,27.3,4.0,0.6,12.0,1.1,33,158,97,8.0,0.81,4.0,0.0,0.0,0.0,0.0,0.09,0.04,0.8,21.0,21.0,0.0,0.0
15010,"Sorghum, Maize flour & Finger Millet Ugali",634,150,61.0,1.9,0.7,32.1,3.6,0.7,26.0,1.3,33,61,92,5.0,0.44,5.0,0.0,0.0,0.0,1.0,0.04,0.02,0.7,11.0,11.0,0.0,0.0
15011,Cassava Flour Ugali,788,186,51.6,1.1,0.3,43.7,2.2,1.3,79.0,0.8,26,57,326,20.0,0.41,1.0,1.0,1.0,0.0,7.0,0.03,0.05,0.6,18.0,18.0,0.0,1.8
15012,"Cassava, Millet & Sorghum Porridge",194,46,87.9,0.5,0.1,10.2,1.0,0.3,18.0,0.4,10,15,47,6.0,0.12,1.0,0.0,0.0,0.0,1.0,0.01,0.01,0.2,4.0,4.0,0.0,0.1
15013,Cassava Porridge (Uji wa Muhogo),121,28,92.6,0.1,0.0,6.8,0.3,0.2,12.0,0.1,4,7,39,5.0,0.05,0.0,0.0,0.0,0.0,1.0,0.0,0.01,0.1,2.0,2.0,0.0,0.2
15014,Finger Millet Porridge (Uji wa Wimbi),168,40,88.8,0.7,0.2,7.8,2.1,0.4,35.0,1.1,16,17,52,4.0,0.16,2.0,0.0,0.0,0.0,0.0,0.01,0.0,0.4,6.0,6.0,0.0,0.0
15015,Bulrush Millet Porridge (Uji wa Mawele),350,83,79.2,2.0,1.0,15.7,1.6,0.6,9.0,6.0,17,49,55,5.0,0.77,7.0,0.0,0.0,0.0,0.0,0.04,0.03,0.3,21.0,21.0,0.0,0.4
15016,Rice Flour Porridge (Uji wa Mchele),235,56,87.5,0.6,1.3,10.2,0.2,0.1,4.0,0.1,5,17,26,5.0,0.11,1.0,0.0,0.0,0.0,0.0,0.01,0.0,0.2,1.0,1.0,0.0,0.1
15017,Omena Stew (Silver Sardine Stew),747,180,68.5,8.8,13.3,6.0,0.7,2.7,378.0,1.0,20,333,188,449.0,2.26,4.0,52.0,60.0,44.0,94.0,0.04,0.18,1.6,12.0,12.0,5.61,6.4
15018,“Busara” (Whole Maize and Finger Millet Porridge),170,40,88.6,1.0,0.3,7.3,2.5,0.4,60.0,1.9,20,32,41,4.0,0.22,2.0,0.0,0.0,0.0,0.0,0.02,0.01,0.5,8.0,8.0,0.0,0.0
15019,White Chapati,1770,424,18.4,7.8,21.1,49.6,2.5,0.7,25.0,3.9,22,126,90,100.0,0.61,0.0,59.0,59.0,58.0,1.0,0.56,0.36,3.6,280.0,20.0,0.48,0.0
15020,Brown Chapati,1720,413,20.5,7.3,22.9,40.9,7.2,1.2,23.0,2.4,76,182,213,120.0,1.5,25.0,1.0,1.0,1.0,1.0,0.29,0.08,2.0,,0.0,0.0,0.0
15022,Fried Egg (Mayai ya Kukaangwa),926,223,64.2,13.1,17.9,2.5,0.0,2.4,56.0,1.8,14,186,132,717.0,1.16,23.0,192.0,192.0,192.0,0.0,0.11,0.5,0.0,60.0,60.0,1.66,0.0
15023,Omelette,502,121,77.6,6.6,7.8,5.3,1.5,1.2,36.0,1.5,17,105,169,189.0,0.75,10.0,95.0,109.0,81.0,165.0,0.08,0.25,0.4,38.0,38.0,0.7,13.4
15024,Spanish Omelette,667,161,74.0,7.5,12.9,3.2,0.8,1.6,35.0,1.3,13,112,135,409.0,0.75,12.0,110.0,119.0,102.0,102.0,0.08,0.28,0.2,40.0,40.0,0.88,20.3
15025,Meat Samosa (Sambusa ya Nyama),1850,443,13.9,18.8,22.2,40.5,3.1,1.6,51.0,11.5,37,288,302,175.0,2.99,13.0,66.0,85.0,48.0,223.0,0.47,0.42,5.1,,32.0,1.19,7.4
15026,Vegetable Samosa (Sambusa ya Mboga),1360,325,30.2,8.5,13.1,40.2,6.2,1.7,55.0,3.8,35,144,333,243.0,1.76,1.0,138.0,237.0,39.0,1185.0,0.46,0.31,3.2,,52.0,0.33,23.7
15027,Pancakes (Chapati za Maji),1140,270,41.5,8.3,8.5,39.2,1.7,0.8,77.0,2.9,22,163,138,37.0,0.83,4.0,77.0,78.0,76.0,8.0,0.4,0.4,2.5,,24.0,0.77,0.0
15028,Tosti Mayai (Egg Toast),1180,280,40.3,12.5,10.7,32.4,1.9,2.1,56.0,2.1,25,167,152,587.0,1.2,20.0,106.0,106.0,106.0,0.0,0.14,0.29,2.2,47.0,47.0,1.0,0.0
15029,Drop Scones,1870,449,23.5,7.1,29.8,37.4,1.4,0.9,61.0,2.4,18,135,112,116.0,0.69,4.0,88.0,89.0,86.0,21.0,0.33,0.33,2.0,,21.0,0.66,0.0
15030,“Terere” (Stir fried amaranth leaves),342,83,80.6,3.0,5.3,2.9,5.5,2.7,192.0,4.9,87,72,442,161.0,0.75,14.0,209.0,418.0,0.0,2510.0,0.03,0.16,0.6,37.0,37.0,0.0,49.3
15031,Sukumawiki (Stir fried kales),225,54,87.0,2.5,3.2,2.1,3.8,1.5,291.0,2.3,33,56,198,123.0,0.42,0.0,122.0,243.0,0.0,1460.0,0.08,0.1,0.8,35.0,35.0,0.0,82.1
15032,Stir-fried Cabbage,411,100,82.7,1.2,8.6,3.1,2.4,1.9,48.0,0.6,11,43,305,510.0,0.24,1.0,0.0,0.0,0.0,1.0,0.04,0.04,0.4,11.0,11.0,0.0,38.6
15033,Mrenda and Seveve (Jute Mallow and Pumpkin leaves),249,59,85.3,3.4,2.3,5.4,2.0,1.6,141.0,1.8,26,105,197,180.0,0.62,2.0,121.0,24.0,580.0,0.03,0.22,0.3,21.0,21.0,0.31,9.19,
15034,Pumpkin Leaves,410,99,80.8,3.2,6.7,5.5,1.5,2.3,166.0,2.0,51,101,236,332.0,0.67,2.0,61.0,107.0,16.0,548.0,0.03,0.16,0.6,17.0,17.0,0.24,10.7
15035,"Saget, Terere & Managu (Spider plant, Amaranth & African Nightshade leaves)",251,60,83.0,4.3,1.9,4.5,3.8,2.5,3.3,39.0,104,244,174,0.7,8.0,,244.0,19.0,1350.0,0.02,0.22,0.4,80.0,80.0,0.25,16.1,
15036,Pilau (Spiced Rice),895,213,56.3,6.9,9.4,24.8,1.1,1.5,19.0,1.3,20,138,285,349.0,1.24,3.0,5.0,8.0,2.0,39.0,0.04,0.1,1.5,12.0,12.0,0.4,5.9
15037,Mseto wa Ndengu (Rice with green grams),433,103,74.5,3.7,1.3,18.4,1.5,0.6,19.0,0.8,23,53,101,59.0,0.48,2.0,1.0,1.0,0.0,9.0,0.04,0.04,0.3,30.0,30.0,0.0,0.3
15038,Mseto wa Maharagwe (Add Rice with Beans),807,193,58.2,5.0,7.9,23.5,3.8,1.7,27.0,1.3,24,129,172,356.0,0.76,1.0,3.0,5.0,0.0,27.0,0.06,0.06,0.6,29.0,29.0,0.0,2.3
15039,Nderema (Vine Spinach),299,72,84.7,3.2,5.2,1.4,3.5,1.9,233.0,9.5,37,55,389,170.0,0.41,0.0,166.0,313.0,20.0,1759.0,0.05,0.17,0.8,44.0,44.0,0.0,56.7
15040,"Fiqe (Red Sorghum, Beans and Teff Flour)",807,192,52.5,7.2,5.8,24.2,7.4,2.9,170.0,3.5,77,214,315,495.0,1.4,4.0,82.0,131.0,34.0,584.0,0.15,0.12,1.4,62.0,62.0,0.0,24.0
15041,"Qanchibelo (Beef, Maize & Wheat Flour)",560,133,68.6,9.6,3.1,15.7,1.7,1.3,62.0,5.9,24,156,169,225.0,1.97,8.0,40.0,63.0,18.0,270.0,0.14,0.18,2.4,,13.0,0.56,19.3
15042,Qita (Maize and Wheat flour pancake),1020,241,44.3,5.1,5.6,41.2,2.8,0.9,24.0,2.8,28,131,105,158.0,1.81,0.0,62.0,63.0,61.0,10.0,0.35,0.23,2.4,,28.0,0.15,0.2
15043,"Gurdo, Marqa (Ugali in Sour Milk)",1020,242,46.9,6.6,9.6,29.7,5.1,2.0,103.0,2.2,78,246,264,268.0,1.36,9.0,65.0,67.0,63.0,24.0,0.1,0.2,1.3,31.0,31.0,0.15,0.4
15044,Mchuzi wa ndengu (Green Gram Stew),454,109,74.4,6.3,4.2,9.3,4.0,1.7,33.0,1.6,43,61,184,243.0,0.57,5.0,4.0,8.0,0.0,46.0,0.08,0.04,0.4,71.0,71.0,0.0,2.1
15045,Mchuzi wa Maharagwe (Bean Stew),263,63,83.1,3.5,1.4,7.2,3.7,1.1,20.0,1.0,17,92,125,165.0,0.44,1.0,4.0,8.0,0.0,50.0,0.04,0.03,0.3,24.0,24.0,0.0,1.5
15046,Mchuzi wa Ndengu Kamande (Lentil Stew),455,108,72.8,7.1,3.0,11.1,4.5,1.6,26.0,2.0,28,81,183,275.0,0.93,8.0,3.0,7.0,0.0,40.0,0.08,0.05,0.6,22.0,22.0,0.0,4.3
15047,Nyirinyiri (Camel meat),2170,521,8.5,34.6,33.6,20.0,0.0,3.3,7.0,6.9,21,213,407,346.0,3.62,17.0,1.0,3.0,0.0,15.0,0.04,0.31,8.3,12.0,12.0,2.31,0.0
15048,Mbuboyi (Blood Cooked in Fresh Milk),410,97,76.2,11.5,2.0,8.3,0.0,2.0,57.0,13.9,8,62,199,361.0,1.08,17.0,65.0,0.05,0.17,0.2,,,,,,,
15049,Ashir,529,125,68.2,2.7,0.9,25.8,1.2,1.2,18.0,0.2,9,29,39,128.0,0.21,1.0,5.0,5.0,5.0,2.0,0.02,0.03,0.1,3.0,3.0,0.06,0.0
15051,"Ugali (Cassava, Fingermillet and Sorghum Flour Ugali)",613,145,61.3,2.0,0.6,30.7,4.3,1.1,69.0,1.7,40,70,236,11.0,0.53,4.0,1.0,0.0,4.0,0.05,0.04,0.9,18.0,18.0,0.0,0.8,
15052,Yam Stew,394,94,76.7,1.5,2.4,15.3,2.5,1.6,13.0,0.7,14,46,279,347.0,0.21,0.0,34.0,67.0,0.0,404.0,0.06,0.02,0.4,15.0,15.0,0.0,5.2
15053,Githeri (stewed Maize & Beans),661,157,60.4,6.7,4.2,19.7,7.2,1.8,39.0,2.2,41,214,281,233.0,1.01,2.0,0.0,1.0,0.0,2.0,0.1,0.06,0.8,52.0,52.0,0.0,0.5
15054,"Mukimo (Maize, Beans, Potatoes & Pumpkin Leaves)",498,118,67.1,5.0,0.7,20.5,4.8,1.9,38.0,2.0,36,159,436,266.0,0.74,2.0,9.0,0.0,52.0,0.08,0.05,0.9,48.0,48.0,0.0,2.7,
15055,Githeri (Sauteed Fresh Maize and beans),773,185,55.3,6.9,7.2,17.8,10.5,2.2,41.0,2.2,43,222,308,335.0,1.32,3.0,2.0,5.0,0.0,27.0,0.12,0.08,1.0,57.0,57.0,0.0,0.8
15056,Matoke (Stewed Green Bananas & Meat),494,118,72.9,6.0,4.1,13.3,1.8,1.9,16.0,3.9,22,105,380,381.0,1.12,5.0,19.0,36.0,2.0,208.0,0.05,0.08,1.4,22.0,22.0,0.34,9.8
15057,"Mukimo (Fresh Maize, Potatoes & Pumpkin Leaves)",457,109,68.8,3.0,1.0,18.5,6.8,1.9,44.0,1.6,35,116,404,336.0,0.93,2.0,14.0,27.0,0.0,163.0,0.09,0.06,1.2,36.0,36.0,0.0,3.7
15058,Stewed Potatoes & Arrowroots,380,90,78.0,1.9,2.1,15.0,1.8,1.2,8.0,0.9,17,38,401,173.0,0.44,1.0,3.0,7.0,0.0,40.0,0.08,0.05,1.0,12.0,12.0,0.0,7.1
15059,"Mukimo wa Njahi (Black Beans, Green Bananas & Potatoes)",693,164,53.7,9.5,0.6,26.5,7.2,2.4,31.0,3.2,65,152,606,273.0,1.06,4.0,0.0,0.0,2.0,0.2,0.08,1.2,19.0,19.0,0.0,4.2,
15060,Githeri (Fresh beans and Maize),751,180,57.0,7.8,7.6,15.1,10.4,2.2,17.0,1.7,24,119,319,433.0,1.21,3.0,6.0,13.0,0.0,76.0,0.13,0.09,1.4,54.0,54.0,0.0,9.2
15061,Mashed Potato and Bananas,750,179,62.1,2.3,8.5,22.1,2.6,2.4,12.0,1.4,23,70,551,544.0,0.36,1.0,4.0,8.0,0.0,49.0,0.06,0.04,0.9,35.0,35.0,0.0,12.6
15062,Mukimo wa Njahi (Raw & Ripe Bananas),636,151,57.7,6.4,0.6,26.6,6.5,2.2,24.0,2.2,54,103,437,229.0,0.79,3.0,1.0,2.0,0.0,12.0,0.15,0.07,0.8,14.0,14.0,0.0,9.8
15063,Groundnut Sauce,1240,298,50.2,10.6,23.4,9.6,3.5,2.7,132.0,2.3,101,209,366,492.0,1.2,7.0,28.0,28.0,28.0,2.0,0.28,0.21,5.0,27.0,27.0,0.17,0.0
15064,Vimumunya vya Chumvi (Pumpkin & Coconut Milk),297,72,85.8,1.3,4.9,4.6,1.9,1.5,16.0,0.3,13,39,183,325.0,0.25,1.0,88.0,176.0,0.0,1060.0,0.05,0.05,0.6,22.0,22.0,0.0,5.5
15065,Vinolo (Banana and Maize Flour Ugali),524,124,68.4,2.2,0.9,25.5,2.5,0.6,9.0,1.2,22,68,147,9.0,1.16,0.0,16.0,16.0,16.0,1.0,0.12,0.08,0.9,,8.0,0.0,6.2
15066,Biryani rice,641,152,65.3,2.7,3.2,27.9,0.3,0.6,9.0,0.3,9,52,22,180.0,0.47,0.0,0.0,0.0,0.0,0.0,0.02,0.04,0.4,3.0,3.0,0.0,0.0
15067,Vimumunya vya Sukari (Sweetened Pumpkin & Coconut Milk),390,93,79.0,1.1,3.0,14.5,1.8,0.6,14.0,0.3,11,31,155,15.0,0.21,1.0,162.0,0.0,973.0,0.05,0.04,0.5,19.0,19.0,0.0,5.0,
15068,Wukunu (Sweet potatoes & Dehulled Black Beans),396,94,73.0,4.1,0.6,15.8,4.6,1.9,21.0,1.5,33,82,288,229.0,0.41,1.0,1.0,1.0,0.0,8.0,0.1,0.04,0.7,9.0,9.0,0.0,12.6
15069,Mushenye (Green Maize and Sweet Potatoes),641,153,60.4,7.1,4.1,17.6,8.6,2.1,44.0,2.3,51,196,340,242.0,1.07,3.0,1.0,3.0,0.0,16.0,0.15,0.07,1.6,50.0,50.0,0.0,5.9
15070,Ingokho (Stewed Chicken),883,211,59.7,18.3,12.3,6.4,1.1,2.3,21.0,2.7,23,211,210,482.0,1.01,16.0,63.0,74.0,53.0,125.0,0.11,0.13,5.1,14.0,14.0,0.38,18.4
15071,Malesele (Cow Blood with Sour Milk),1400,335,37.5,20.0,21.2,15.4,1.0,4.9,85.0,24.8,19,123,831,1070.0,1.85,29.0,,,106.0,,0.1,0.25,0.7,,,,
15072,Tsiswa (Stewed termites),2140,515,10.5,31.6,38.8,7.3,5.1,6.8,137.0,29.8,13,584,412,2280.0,0.41,5.0,95.0,96.0,94.0,10.0,0.05,3.15,2.9,4.0,4.0,0.25,1.3
15073,Ingokho (Fried Chicken),2220,532,6.8,44.6,35.3,9.1,0.0,4.3,31.0,5.6,38,492,410,932.0,2.13,39.0,134.0,134.0,134.0,0.0,0.18,0.25,12.3,13.0,13.0,0.97,2.3
15074,Wali wa Kuchemshwa (Boiled Rice),584,138,67.1,2.7,2.0,27.2,0.2,0.7,9.0,0.3,9,50,21,216.0,0.46,0.0,0.0,0.0,0.0,0.0,0.02,0.04,0.4,3.0,3.0,0.0,0.0
15075,Wali wa Yasmin (Onion Fried Rice),779,185,58.9,3.2,5.1,31.2,0.6,1.0,13.0,0.5,12,61,46,275.0,0.53,1.0,0.0,0.0,0.0,1.0,0.02,0.05,0.5,4.0,4.0,0.0,0.9
15076,Stir-fried Spinach,307,74,84.4,2.8,5.4,2.0,3.3,2.1,99.0,3.7,66,47,299,870.0,0.62,1.0,142.0,284.0,0.0,1700.0,0.02,0.08,0.5,70.0,70.0,0.0,16.9
15077,Thabai / Thaa (Stinging Nettle Leaves),143,34,92.3,1.2,2.4,1.9,0.6,1.8,132.0,1.4,28,26,113,312.0,0.14,1.0,0.0,1.0,0.0,4.0,0.01,0.06,0.2,62.0,62.0,0.0,1.0
15078,Rhikhuvi (Stewed Cowpea Leaves),630,152,74.1,3.2,13.3,3.5,3.2,2.8,146.0,1.3,23,49,202,660.0,0.53,1.0,32.0,52.0,12.0,239.0,0.19,0.22,0.7,31.0,31.0,0.15,12.6
15079,Kunde and Mrenda (Stewed Cowpeas and Jute Mallow leaves),238,57,83.5,3.7,2.0,4.4,3.3,3.1,158.0,2.4,23,93,244,761.0,0.64,2.0,147.0,21.0,757.0,0.1,0.29,0.4,38.0,38.0,0.28,13.1,
15080,Obwoba (Stewed Mushrooms in Peanut Butter),487,117,73.3,4.9,6.3,8.3,3.8,3.4,38.0,1.4,47,130,408,822.0,0.54,15.0,6.0,12.0,0.0,69.0,0.17,0.35,2.2,27.0,27.0,0.0,6.7
15081,Chai ya Maziwa (Mixed Tea),153,36,92.1,1.1,1.2,5.4,0.0,0.3,42.0,0.0,5,40,45,15.0,0.21,1.0,14.0,14.0,13.0,6.0,0.0,0.0,0.0,1.0,1.0,0.17,0.0
15082,Stewed Dried Fish,1380,330,42.7,25.7,23.2,3.9,1.4,3.0,189.0,2.1,57,395,403,572.0,1.02,29.0,0.0,0.0,57.0,124.0,0.05,0.03,3.3,0.0,19.0,1.52,10.4
15083,Kimanga cha Ndizi (Smoked Green Bananas and Kidney Beans),614,146,57.7,6.5,0.9,24.1,7.7,3.1,46.0,2.0,43,188,401,485.0,0.89,2.0,3.0,0.0,20.0,0.1,0.09,0.9,48.0,48.0,0.0,0.8,
15084,Kimanga Cha Mihogo (Mashed Cassava and Pigeon Peas),823,194,46.8,4.8,0.6,39.6,5.8,2.4,94.0,1.6,44,93,469,303.0,0.85,4.0,8.0,0.0,49.0,0.13,0.07,0.8,52.0,52.0,0.0,1.5,
15085,Ndoto (Sauteed Red Kidney Beans & Red Sorghum),806,193,56.4,5.7,7.9,21.3,7.0,1.9,25.0,1.8,53,162,211,270.0,0.89,6.0,1.0,0.0,3.0,0.08,0.05,1.0,35.0,35.0,0.0,0.4,
15086,Muthokoi (Dehulled Maize and Beans),677,161,62.7,5.0,5.9,19.8,4.6,2.0,27.0,1.3,25,120,185,325.0,0.59,1.0,0.0,0.0,0.0,2.0,0.07,0.04,0.4,31.0,31.0,0.0,0.4
15087,Beef Stew,756,181,65.7,17.7,10.4,3.8,0.8,1.7,12.0,11.2,27,257,264,315.0,3.48,18.0,14.0,21.0,7.0,89.0,0.01,0.2,3.3,7.0,7.0,1.16,7.7
15088,"Munono (Cow blood, beef, cow fat)",2270,549,23.9,19.5,50.3,4.6,0.0,1.8,10.0,16.6,19,203,245,286.0,3.19,23.0,,,34.0,,0.03,0.18,2.6,,,,
15089,Osarge Ogkole (Fresh blood and Fresh milk),340,81,82.5,6.1,3.1,7.0,0.0,1.2,101.0,4.7,11,105,161,148.0,0.79,8.0,,,49.0,,0.02,0.23,0.1,,,,
15090,Kimanga cha Viazi Vitamu (Mashed Sweet Potato & Black Beans),472,112,68.0,5.4,0.5,18.9,5.2,2.1,32.0,1.6,38,78,388,276.0,0.63,2.0,8.0,0.0,49.0,0.12,0.05,0.8,9.0,9.0,0.0,7.8,
15091,Kitojo (Sweet Potato Leaves),596,144,74.6,3.9,12.7,1.4,4.6,2.9,97.0,0.9,51,31,500,648.0,0.26,1.0,138.0,276.0,0.0,1653.0,0.07,0.26,0.9,2.0,2.0,0.0,8.1
15092,Mchuzi wa Mbaazi (Pigeon Peas Stew),494,118,70.9,5.7,4.4,11.0,6.1,1.9,47.0,1.4,33,69,260,281.0,0.74,4.0,8.0,16.0,0.0,93.0,0.13,0.03,0.5,47.0,47.0,0.0,2.9
15093,Nchenga/ Nzenga (Crushed Maize),542,129,69.5,2.2,3.9,20.3,1.8,2.2,13.0,0.3,11,22,85,552.0,0.16,0.0,87.0,173.0,0.0,1038.0,0.03,0.01,0.2,5.0,5.0,0.0,1.5
15094,Mseto wa Viazi (Potatoes in Rice),469,111,73.7,2.2,1.9,21.1,0.5,0.6,9.0,0.4,9,45,92,131.0,0.38,0.0,2.0,4.0,0.0,23.0,0.02,0.03,0.4,7.0,7.0,0.0,2.5
15095,Likhanga (Stewed Guinea Fowl),642,154,69.7,15.8,9.0,2.0,0.7,2.7,31.0,2.0,22,152,240,736.0,1.25,18.0,10.0,18.0,2.0,96.0,0.02,0.15,2.4,7.0,7.0,0.14,8.4
15096,Fried tilapia,1821,437,23.5,45.7,28.1,0.3,0.0,2.5,252.0,6.2,40,387,349,149.0,1.16,39.0,24.0,24.0,24.0,0.0,0.09,0.35,7.5,12.0,12.0,3.5,0.0
15097,Stewed Green Bananas,350,84,81.8,1.0,3.8,10.4,2.2,0.8,9.0,0.7,15,24,175,100.0,0.21,1.0,6.0,13.0,0.0,75.0,0.03,0.03,0.3,10.0,10.0,0.0,13.2
15098,Stir Fried Beef,1070,255,50.3,26.7,14.1,5.0,1.0,3.1,16.0,16.4,40,422,483,682.0,5.13,27.0,19.0,28.0,10.0,107.0,0.02,0.31,5.1,10.0,10.0,1.86,9.4
15099,Stir Fried Goat Meat,1600,383,30.2,32.1,23.3,10.4,1.7,2.3,33.0,4.1,50,424,465,221.0,5.74,43.0,42.0,60.0,24.0,214.0,0.2,0.33,5.4,14.0,14.0,2.84,18.7
15100,Finger Millet Ugali,505,120,65.1,2.9,0.7,21.0,8.9,1.4,137.0,4.4,61,72,212,3.0,0.67,6.0,0.0,0.0,0.0,1.0,0.06,0.01,1.6,26.0,26.0,0.0,0.0
15101,Omena wa Kukaangwa (Fried Omena),1860,450,32.8,19.2,39.3,4.6,0.8,3.4,879.0,2.3,33,782,281,90.0,5.28,7.0,55.0,69.0,41.0,171.0,0.11,0.17,5.4,22.0,22.0,16.78,10.9
15102,Aluru (Stewed Quails),809,195,65.9,11.3,14.2,5.2,0.6,2.9,90.0,1.6,23,202,302,761.0,1.24,9.0,51.0,58.0,44.0,80.0,0.06,0.36,2.7,9.0,9.0,0.61,7.9
15103,Mashed Potatoes,449,106,71.0,2.5,0.2,22.8,1.7,1.8,10.0,1.4,20,82,650,330.0,0.32,1.0,0.0,0.0,0.0,0.0,0.06,0.03,1.1,42.0,42.0,0.0,6.0
15104,Mashed Bananas,344,81,76.9,1.2,0.3,16.9,3.0,1.7,8.0,0.6,20,25,245,348.0,0.19,1.0,0.0,0.0,0.0,2.0,0.04,0.03,0.2,11.0,11.0,0.0,13.7
15105,Enriched Mashed Potatoes,591,141,70.4,2.0,6.2,18.6,1.4,1.4,10.0,1.1,16,67,529,209.0,0.26,1.0,51.0,54.0,48.0,38.0,0.05,0.03,0.9,34.0,34.0,0.0,4.9
15106,Enriched Mashed Bananas,568,136,72.9,1.0,7.8,14.3,2.6,1.5,8.0,0.5,17,22,207,276.0,0.16,1.0,63.0,67.0,59.0,48.0,0.03,0.03,0.2,9.0,9.0,0.01,11.6
15107,Stewed Nile Perch,522,125,74.0,14.3,6.3,2.5,0.5,2.4,105.0,1.0,26,216,203,596.0,0.51,16.0,16.0,22.0,10.0,68.0,0.01,0.01,1.6,9.0,9.0,0.86,5.2
15108,Stewed Goat Meat,925,222,59.4,17.1,14.6,5.2,0.8,2.9,16.0,2.1,25,225,235,783.0,3.04,23.0,21.0,29.0,13.0,94.0,0.11,0.17,2.9,8.0,8.0,1.52,8.2
15109,Pan Fried Sweet Potatoes,1040,248,51.7,3.1,13.9,25.3,4.9,1.2,44.0,0.8,21,50,325,16.0,0.73,1.0,796.0,1590.0,0.0,9550.0,0.04,0.07,1.2,11.0,11.0,0.0,35.2
15110,Potato Chips,1370,326,32.1,4.8,13.6,44.4,3.3,1.9,17.0,2.7,37,159,1260,13.0,0.63,1.0,0.0,0.0,0.0,0.0,0.11,0.07,2.3,82.0,82.0,0.0,12.0
15111,Kimito (Mashed Beans & Potatoes),537,127,64.1,5.7,0.8,21.6,5.4,2.3,35.0,2.2,36,173,557,359.0,0.77,2.0,0.0,0.0,0.0,1.0,0.09,0.06,1.0,58.0,58.0,0.0,3.4
15112,Arrowroot Stew,383,91,77.8,1.9,2.3,14.9,1.8,1.4,11.0,0.9,18,41,431,250.0,0.44,1.0,48.0,95.0,0.0,570.0,0.09,0.05,1.1,13.0,13.0,0.0,5.3
15113,Sweet Potatoes with Peanut Butter,373,89,81.1,2.2,4.4,9.3,2.2,0.9,23.0,0.7,21,33,179,130.0,0.42,1.0,263.0,526.0,0.0,3160.0,0.05,0.04,1.1,10.0,10.0,0.0,17.0
15114,Black Bean Stew (Dolichos/ Njahi Stew),261,62,83.6,3.6,1.3,7.7,2.8,1.1,17.0,1.2,26,55,175,164.0,0.42,2.0,3.0,5.0,0.0,30.0,0.07,0.03,0.4,4.0,4.0,0.0,2.6
15115,Bean Stew with Milk and Cream,584,139,65.2,7.2,4.5,14.3,6.7,2.2,66.0,1.9,34,197,259,273.0,0.96,2.0,25.0,32.0,19.0,77.0,0.08,0.11,0.6,47.0,47.0,0.12,4.4
15116,Mcheleng (Rice with Milk),741,176,61.5,3.9,5.7,27.2,0.2,1.4,53.0,0.4,12,96,73,419.0,0.64,1.0,44.0,47.0,42.0,27.0,0.02,0.14,0.3,9.0,9.0,0.2,0.0
15117,Pan Fried Arrowroots,761,181,56.9,4.1,5.2,28.3,2.5,3.1,8.0,1.3,29,50,696,616.0,1.09,1.0,2.0,3.0,0.0,20.0,0.21,0.1,2.4,0.0,0.0,0.0,1.7
15118,Nyenyi (Mashed Pigeon Peas & Green Maize),524,125,66.4,4.9,2.3,17.8,6.5,2.0,56.0,1.8,41,106,479,273.0,0.89,4.0,23.0,34.0,12.0,130.0,0.14,0.05,1.0,54.0,54.0,0.0,2.9
15119,Finger Millet and Sorghum Porridge,311,74,82.3,2.7,2.2,9.7,2.3,0.8,93.0,1.1,24,91,130,23.0,0.54,4.0,22.0,23.0,22.0,10.0,0.02,0.14,0.4,9.0,9.0,0.28,0.0
15120,Mashed Pumpkin and Black Nightshade Leaves,277,67,80.8,3.8,2.4,4.9,5.1,3.0,91.0,6.7,41,75,456,411.0,0.66,1.0,88.0,176.0,0.0,1050.0,0.09,0.27,1.4,233.0,233.0,0.0,21.5
15121,Enriched Matoke,465,111,73.7,2.4,3.5,15.8,3.2,1.4,15.0,0.9,33,37,256,220.0,0.32,2.0,0.0,0.0,0.0,2.0,0.08,0.04,1.0,14.0,14.0,0.0,12.0
15122,Oatmeal,351,83,78.3,2.4,1.7,12.9,3.5,1.2,15.0,1.0,35,110,82,209.0,0.71,10.0,0.0,0.0,0.0,0.0,0.13,0.03,0.2,6.0,6.0,0.0,0.0
15123,Oat Porridge (Uji wa Shayiri),363,86,79.3,1.9,1.6,15.3,1.4,0.5,39.0,0.4,18,77,69,14.0,0.45,5.0,11.0,11.0,11.0,5.0,0.05,0.08,0.1,3.0,3.0,0.14,0.0
15124,Enriched Mandazi (East African Doughnuts; Enriched),1590,379,23.5,7.6,16.1,49.9,2.2,0.8,45.0,3.3,21,134,105,80.0,0.66,2.0,92.0,88.0,24.0,0.47,0.36,3.0,,21.0,0.57,0.7,
15125,Basic Mandazi (East African Doughnuts; Basic),1430,340,28.2,6.4,12.9,48.7,2.1,1.7,136.0,3.5,19,331,350,241.0,0.52,0.0,48.0,48.0,48.0,1.0,0.46,0.29,3.0,,17.0,0.4,0.0
15126,Stewed Split Dal,291,69,81.8,3.7,1.9,8.1,2.7,1.9,22.0,1.2,21,54,142,459.0,0.42,6.0,9.0,18.0,0.0,105.0,0.05,0.03,0.3,31.0,31.0,0.0,4.8
15127,Potato Curry,608,145,69.0,2.2,7.0,17.3,2.2,2.3,25.0,1.7,22,68,475,537.0,0.41,1.0,10.0,20.0,0.0,120.0,0.06,0.04,0.9,32.0,32.0,0.0,11.4
15128,Peas and Brinjal Curry,544,131,72.5,4.2,8.5,6.6,5.8,2.4,38.0,2.1,30,71,253,520.0,1.96,2.0,29.0,58.0,0.0,348.0,0.13,0.09,1.1,56.0,56.0,0.0,16.8
15129,Steamed Rice (Wali wa Mvuke),513,121,68.6,2.6,0.3,26.7,0.2,1.5,10.0,0.3,9,49,22,521.0,0.45,1.0,0.0,0.0,0.0,0.0,0.02,0.04,0.4,2.0,2.0,0.0,0.0
15130,Rotli (Indian Chapati),1560,374,21.6,8.0,16.7,43.8,7.9,2.0,25.0,2.7,83,199,234,354.0,1.64,27.0,44.0,46.0,42.0,25.0,0.32,0.09,2.2,,0.0,0.0,0.0
15131,Potato Bhajia,1960,471,15.1,8.6,31.0,37.1,4.8,3.5,29.0,3.0,39,132,783,587.0,0.78,2.0,5.0,9.0,1.0,50.0,0.17,0.09,1.8,81.0,81.0,0.0,8.2
15132,Chaas (Diluted Yoghurt),252,60,86.6,2.0,2.2,8.0,0.0,1.1,106.0,0.1,8,66,93,262.0,0.24,2.0,24.0,26.0,23.0,16.0,0.04,0.11,0.0,0.0,0.0,0.12,0.0
15133,Siro (Semolina & Nuts),1720,412,28.4,4.3,26.1,39.4,1.1,0.8,81.0,0.5,19,105,140,24.0,0.66,4.0,196.0,205.0,187.0,105.0,0.03,0.18,0.3,9.0,9.0,0.32,0.0
15134,Minced Meat Balls,659,157,65.9,8.1,5.4,18.6,0.8,1.3,14.0,4.4,17,126,133,321.0,1.55,7.0,9.0,16.0,2.0,79.0,0.02,0.1,1.4,5.0,5.0,0.43,4.1
15136,Wheat Flour Porridge (Uji wa Ngano),468,111,76.3,2.5,3.9,16.1,0.9,0.3,14.0,0.9,21,32,60,3.0,0.24,1.0,7.0,7.0,7.0,0.0,0.11,0.05,1.4,,7.0,0.06,0.0
15137,Okra Meat Dish,394,94,80.1,8.2,5.1,3.2,1.3,2.1,23.0,5.2,24,126,199,559.0,1.65,8.0,15.0,28.0,3.0,151.0,0.03,0.1,1.7,13.0,13.0,0.51,9.3
15138,Hydrabadi Biryani,819,195,59.3,8.2,8.3,21.4,0.9,1.9,35.0,1.0,22,115,187,457.0,0.62,15.0,13.0,19.0,8.0,65.0,0.06,0.09,1.2,4.0,4.0,1.08,1.9
15139,Chick Peas Curry,524,126,69.2,6.0,5.1,10.3,7.3,2.1,77.0,2.5,48,83,329,426.0,0.96,11.0,12.0,23.0,0.0,140.0,0.11,0.06,0.6,61.0,61.0,0.0,5.5
15140,Bhature (Fried Indian Bread),1410,337,36.1,5.9,18.5,35.9,1.7,1.9,62.0,2.8,18,108,109,518.0,0.5,1.0,73.0,87.0,58.0,170.0,0.38,0.27,2.4,,15.0,0.35,1.4
15141,Pumpkins with Peanut Butter,359,86,82.7,2.6,5.5,5.4,2.6,1.3,24.0,0.6,29,44,195,196.0,0.36,1.0,91.0,182.0,0.0,1090.0,0.1,0.06,1.6,26.0,26.0,0.0,5.5
15142,Firinda (Skinned bean Stew),390,93,74.9,5.2,2.3,10.2,5.3,2.1,43.0,1.6,32,150,229,355.0,0.7,2.0,2.0,4.0,0.0,24.0,0.09,0.05,0.6,69.0,69.0,0.0,1.0
