KENYA FOOD COMPOSITION TABLES:,2018,,,,,,,,,
,,Energy,Energy,Water,Protein,Fat,Carbohydrate,Fibre,Ash,
Code,Food Name,,,,,,,,,
,,(kJ),(kcal),(g),(g),(g),available (g),(g),(g),
15,MIXED DISHES,,,,,,,,,
15001,Uji wa mahindi (Maize Porridge),221,52,87.5,1.5,1.1,8.5,1.1,0.3,
15002,"Sorghum, Finger Millet and Maize Porridge",174,41,89.8,1.3,0.9,6.3,1.3,0.4,
15003,Kaimati (Fried Dumplings),1800,429,18.8,4.6,21.8,52.8,1.6,0.4,
15004,Mahamri (Swahili Doughnuts),1730,413,22.8,6,22.1,46.6,2.1,0.4,
15005,Whole Maize Flour Ugali,596,141,64.5,3.3,1.8,26,3.8,0.5,
15006,Maize and Finger Millet Flour Ugali,562,133,64,3.1,1.3,24,6.6,1,
15007,"Maize, Red Sorghum and Finger Millet Ugali",543,129,66.2,3.1,1.4,23.3,5.3,0.8,
15008,Cassava and Red Sorghum Ugali,489,116,69.6,2.1,0.8,23.4,3.4,0.7,
15009,Refined Maize Flour Ugali,626,148,62.8,3.4,1.9,27.3,4,0.6,
15010,"Sorghum, Maize flour & Finger Millet Ugali",634,150,61,1.9,0.7,32.1,3.6,0.7,
15011,Cassava Flour Ugali,788,186,51.6,1.1,0.3,43.7,2.2,1.3,
15012,"Cassava, Millet & Sorghum Porridge",194,46,87.9,0.5,0.1,10.2,1,0.3,
15013,Cassava Porridge (Uji wa Muhogo),121,28,92.6,0.1,0,6.8,0.3,0.2,
15014,Finger Millet Porridge (Uji wa Wimbi),168,40,88.8,0.7,0.2,7.8,2.1,0.4,
15015,Bulrush Millet Porridge (Uji wa Mawele),350,83,79.2,2,1,15.7,1.6,0.6,
15016,Rice Flour Porridge (Uji wa Mchele),235,56,87.5,0.6,1.3,10.2,0.2,0.1,
15017,Omena Stew (Silver Sardine Stew),747,180,68.5,8.8,13.3,6,0.7,2.7,
15018,“Busara” (Whole Maize and Finger Millet Porridge),170,40,88.6,1,0.3,7.3,2.5,0.4,
15019,White Chapati,1770,424,18.4,7.8,21.1,49.6,2.5,0.7,
15020,Brown Chapati,1720,413,20.5,7.3,22.9,40.9,7.2,1.2,
15022,Fried Egg (Mayai ya Kukaangwa),926,223,64.2,13.1,17.9,2.5,0,2.4,
15023,Omelette,502,121,77.6,6.6,7.8,5.3,1.5,1.2,
15024,Spanish Omelette,667,161,74,7.5,12.9,3.2,0.8,1.6,
15025,Meat Samosa (Sambusa ya Nyama),1850,443,13.9,18.8,22.2,40.5,3.1,1.6,
15026,Vegetable Samosa (Sambusa ya Mboga),1360,325,30.2,8.5,13.1,40.2,6.2,1.7,
15027,Pancakes (Chapati za Maji),1140,270,41.5,8.3,8.5,39.2,1.7,0.8,
15028,Tosti Mayai (Egg Toast),1180,280,40.3,12.5,10.7,32.4,1.9,2.1,
,,,,,,,,,,153
KENYA FOOD COMPOSITION TABLES:,2018,,,,,,,,
,,Ca,Fe,Mg,P,K,Na,Zn,Se
Code,Food name,,,,,,,,
,,(mg),(mg),(mg),(mg),(mg),(mg),(mg),(mcg)
15,MIXED DISHES,,,,,,,,
15001,Uji wa mahindi (Maize Porridge),25,0.3,12,64,50,10,0.33,2
15002,"Sorghum, Finger Millet and Maize Porridge",33,0.5,14,47,57,10,0.27,2
15003,Kaimati (Fried Dumplings),17,2.1,16,93,81,4,0.45,0
15004,Mahamri (Swahili Doughnuts),20,2.8,19,113,101,4,0.56,0
15005,Whole Maize Flour Ugali,12,1.1,31,150,93,7,0.77,4
15006,Maize and Finger Millet Flour Ugali,79,2.9,48,112,158,6,0.73,5
15007,"Maize, Red Sorghum and Finger Millet Ugali",39,1.9,44,118,131,6,0.72,5
15008,Cassava and Red Sorghum Ugali,24,0.9,38,74,163,9,0.5,5
15009,Refined Maize Flour Ugali,12,1.1,33,158,97,8,0.81,4
15010,"Sorghum, Maize flour & Finger Millet Ugali",26,1.3,33,61,92,5,0.44,5
15011,Cassava Flour Ugali,79,0.8,26,57,326,20,0.41,1
15012,"Cassava, Millet & Sorghum Porridge",18,0.4,10,15,47,6,0.12,1
15013,Cassava Porridge (Uji wa Muhogo),12,0.1,4,7,39,5,0.05,0
15014,Finger Millet Porridge (Uji wa Wimbi),35,1.1,16,17,52,4,0.16,2
15015,Bulrush Millet Porridge (Uji wa Mawele),9,6,17,49,55,5,0.77,7
15016,Rice Flour Porridge (Uji wa Mchele),4,0.1,5,17,26,5,0.11,1
15017,Omena Stew (Silver Sardine Stew),378,1,20,333,188,449,2.26,4
15018,“Busara” (Whole Maize and Finger Millet Porridge),60,1.9,20,32,41,4,0.22,2
15019,White Chapati,25,3.9,22,126,90,100,0.61,0
15020,Brown Chapati,23,2.4,76,182,213,120,1.5,25
15022,Fried Egg (Mayai ya Kukaangwa),56,1.8,14,186,132,717,1.16,23
15023,Omelette,36,1.5,17,105,169,189,0.75,10
15024,Spanish Omelette,35,1.3,13,112,135,409,0.75,12
15025,Meat Samosa (Sambusa ya Nyama),51,11.5,37,288,302,175,2.99,13
15026,Vegetable Samosa (Sambusa ya Mboga),55,3.8,35,144,333,243,1.76,1
15027,Pancakes (Chapati za Maji),77,2.9,22,163,138,37,0.83,4
15028,Tosti Mayai (Egg Toast),56,2.1,25,167,152,587,1.2,20
154,,,,,,,,,
KENYA FOOD COMPOSITION TABLES:,2018,,,,,,,,,,,,
,,Vit A,Vit A,,β-carotene,,,,Dietary,Food,,,
,,,,Retinol,,Thiamin,Riboflavin,Niacin,,,Vit B12,Vit C,
Code,Food name,RAE,RE,,equivalent,,,,Folate Eq.,folate,,,
,,,,(mcg),,(mg),(mg),(mg),,,(mg),(mg),
,,(mcg),(mcg),,(mcg),,,,(mcg),(mcg),,,
15,MIXED DISHES,,,,,,,,,,,,
15001,Uji wa mahindi (Maize Porridge),7,7,7,3,0.02,0.05,0.2,7,7,0.09,0,
15002,"Sorghum, Finger Millet and Maize Porridge",7,7,7,3,0.02,0.05,0.3,5,5,0.09,0,
15003,Kaimati (Fried Dumplings),30,30,30,1,0.33,0.25,2,209*,76,0.25,0,
15004,Mahamri (Swahili Doughnuts),41,42,41,1,0.43,0.3,2.7,243*,60,0.34,0.1,
15005,Whole Maize Flour Ugali,0,0,0,0,0.08,0.04,0.8,20,20,0,0,
15006,Maize and Finger Millet Flour Ugali,0,0,0,0,0.07,0.02,1.2,24,24,0,0,
15007,"Maize, Red Sorghum and Finger Millet Ugali",0,0,0,0,0.07,0.03,1,20,20,0,0,
15008,Cassava and Red Sorghum Ugali,0,0,0,3,0.05,0.04,0.7,14,14,0,0.5,
15009,Refined Maize Flour Ugali,0,0,0,0,0.09,0.04,0.8,21,21,0,0,
15010,"Sorghum, Maize flour & Finger Millet Ugali",0,0,0,1,0.04,0.02,0.7,11,11,0,0,
15011,Cassava Flour Ugali,1,1,0,7,0.03,0.05,0.6,18,18,0,1.8,
15012,"Cassava, Millet & Sorghum Porridge",0,0,0,1,0.01,0.01,0.2,4,4,0,0.1,
15013,Cassava Porridge (Uji wa Muhogo),0,0,0,1,0,0.01,0.1,2,2,0,0.2,
15014,Finger Millet Porridge (Uji wa Wimbi),0,0,0,0,0.01,0,0.4,6,6,0,0,
15015,Bulrush Millet Porridge (Uji wa Mawele),0,0,0,0,0.04,0.03,0.3,21,21,0,0.4,
15016,Rice Flour Porridge (Uji wa Mchele),0,0,0,0,0.01,0,0.2,1,1,0,0.1,
15017,Omena Stew (Silver Sardine Stew),52,60,44,94,0.04,0.18,1.6,12,12,5.61,6.4,
15018,“Busara” (Whole Maize and Finger Millet Porridge),0,0,0,0,0.02,0.01,0.5,8,8,0,0,
15019,White Chapati,59,59,58,1,0.56,0.36,3.6,280,20,0.48,0,
15020,Brown Chapati,1,1,1,1,0.29,0.08,2,36*,0,0,0,
15022,Fried Egg (Mayai ya Kukaangwa),192,192,192,0,0.11,0.5,0,60,60,1.66,0,
15023,Omelette,95,109,81,165,0.08,0.25,0.4,38,38,0.7,13.4,
15024,Spanish Omelette,110,119,102,102,0.08,0.28,0.2,40,40,0.88,20.3,
15025,Meat Samosa (Sambusa ya Nyama),66,85,48,223,0.47,0.42,5.1,222*,32,1.19,7.4,
15026,Vegetable Samosa (Sambusa ya Mboga),138,237,39,1185,0.46,0.31,3.2,227*,52,0.33,23.7,
15027,Pancakes (Chapati za Maji),77,78,76,8,0.4,0.4,2.5,203*,24,0.77,0,
15028,Tosti Mayai (Egg Toast),106,106,106,0,0.14,0.29,2.2,47,47,1,0,
* (15003) includes 78 mcg of FOLAC; (15004) includes 108 mcg of FOLAC; (15020) includes 21 mcg of FOLAC; (15025) includes 112 mcg of FOLAC; (15026) includes 103 mcg of FOLAC;,,,,,,,,,,,,,
(15027) includes 105 mcg of FOLAC,,,,,,,,,,,,,
,,,,,,,,,,,,,155
KENYA FOOD COMPOSITION TABLES:,,2018,,,,,,,,
,,,Energy,Energy,Water,Protein,Fat,Carbohydrate,Fibre,Ash
Code,Food Name,,,,,,,,,
,,,(kJ),(kcal),(g),(g),(g),available (g),(g),(g)
15,MIXED DISHES,,,,,,,,,
15029,Drop Scones,,1870,449,23.5,7.1,29.8,37.4,1.4,0.9
15030,“Terere” (Stir fried amaranth leaves),,342,83,80.6,3,5.3,2.9,5.5,2.7
15031,Sukumawiki (Stir fried kales),,225,54,87,2.5,3.2,2.1,3.8,1.5
15032,Stir-fried Cabbage,,411,100,82.7,1.2,8.6,3.1,2.4,1.9
15033,Mrenda and Seveve (Jute Mallow and Pumpkin leaves),,249,59,85.3,3.4,2.3,5.4,2,1.6
15034,Pumpkin Leaves,,410,99,80.8,3.2,6.7,5.5,1.5,2.3
,"Saget, Terere & Managu (Spider plant, Amaranth & African",,,,,,,,,
15035,,,251,60,83,4.3,1.9,4.5,3.8,2.5
,Nightshade leaves),,,,,,,,,
15036,Pilau (Spiced Rice),,895,213,56.3,6.9,9.4,24.8,1.1,1.5
15037,Mseto wa Ndengu (Rice with green grams),,433,103,74.5,3.7,1.3,18.4,1.5,0.6
15038,Mseto wa Maharagwe (Add Rice with Beans),,807,193,58.2,5,7.9,23.5,3.8,1.7
15039,Nderema (Vine Spinach),,299,72,84.7,3.2,5.2,1.4,3.5,1.9
15040,"Fiqe (Red Sorghum, Beans and Teff Flour)",,807,192,52.5,7.2,5.8,24.2,7.4,2.9
15041,"Qanchibelo (Beef, Maize & Wheat Flour)",,560,133,68.6,9.6,3.1,15.7,1.7,1.3
15042,Qita,(Maize and Wheat flour pancake),1020,241,44.3,5.1,5.6,41.2,2.8,0.9
15043,"Gurdo, Marqa (Ugali in Sour Milk)",,1020,242,46.9,6.6,9.6,29.7,5.1,2
15044,Mchuzi wa ndengu (Green Gram Stew),,454,109,74.4,6.3,4.2,9.3,4,1.7
15045,Mchuzi wa Maharagwe (Bean Stew),,263,63,83.1,3.5,1.4,7.2,3.7,1.1
15046,Mchuzi wa Ndengu Kamande (Lentil Stew),,455,108,72.8,7.1,3,11.1,4.5,1.6
15047,Nyirinyiri (Camel meat),,2170,521,8.5,34.6,33.6,20,0,3.3
15048,Mbuboyi (Blood Cooked in Fresh Milk),,410,97,76.2,11.5,2,8.3,0,2
15049,Ashir,,529,125,68.2,2.7,0.9,25.8,1.2,1.2
15051,"Ugali (Cassava, Fingermillet and Sorghum Flour Ugali)",,613,145,61.3,2,0.6,30.7,4.3,1.1
15052,Yam Stew,,394,94,76.7,1.5,2.4,15.3,2.5,1.6
15053,Githeri (stewed Maize & Beans),,661,157,60.4,6.7,4.2,19.7,7.2,1.8
15054,"Mukimo (Maize, Beans, Potatoes & Pumpkin Leaves)",,498,118,67.1,5,0.7,20.5,4.8,1.9
15055,Githeri (Sauteed Fresh Maize and beans),,773,185,55.3,6.9,7.2,17.8,10.5,2.2
15056,Matoke (Stewed Green Bananas & Meat),,494,118,72.9,6,4.1,13.3,1.8,1.9
156,,,,,,,,,,
KENYA FOOD COMPOSITION TABLES:,,2018,,,,,,,,
,,,Ca,Fe,Mg,P,K,Na,Zn,Se
Code,Food name,,,,,,,,,
,,(mg),,(mg),(mg),(mg),(mg),(mg),(mg),(mcg)
15,MIXED DISHES,,,,,,,,,
15029,Drop Scones,,61,2.4,18,135,112,116,0.69,4
15030,“Terere” (Stir fried amaranth leaves),,192,4.9,87,72,442,161,0.75,14
15031,Sukumawiki (Stir fried kales),,291,2.3,33,56,198,123,0.42,0
15032,Stir-fried Cabbage,,48,0.6,11,43,305,510,0.24,1
15033,Mrenda and Seveve (Jute Mallow and Pumpkin leaves),,141,1.8,26,105,197,180,0.62,2
15034,Pumpkin Leaves,,166,2,51,101,236,332,0.67,2
,"Saget, Terere & Managu (Spider plant, Amaranth & African Nightshade",,,,,,,,,
15035,,,184,3.3,39,104,244,174,0.7,8
,leaves),,,,,,,,,
15036,Pilau (Spiced Rice),,19,1.3,20,138,285,349,1.24,3
15037,Mseto wa Ndengu (Rice with green grams),,19,0.8,23,53,101,59,0.48,2
15038,Mseto wa Maharagwe (Add Rice with Beans),,27,1.3,24,129,172,356,0.76,1
15039,Nderema (Vine Spinach),,233,9.5,37,55,389,170,0.41,0
15040,"Fiqe (Red Sorghum, Beans and Teff Flour)",,170,3.5,77,214,315,495,1.4,4
15041,"Qanchibelo (Beef, Maize & Wheat Flour)",,62,5.9,24,156,169,225,1.97,8
15042,Qita,(Maize and Wheat flour pancake),24,2.8,28,131,105,158,1.81,0
15043,"Gurdo, Marqa (Ugali in Sour Milk)",,103,2.2,78,246,264,268,1.36,9
15044,Mchuzi wa ndengu (Green Gram Stew),,33,1.6,43,61,184,243,0.57,5
15045,Mchuzi wa Maharagwe (Bean Stew),,20,1,17,92,125,165,0.44,1
15046,Mchuzi wa Ndengu Kamande (Lentil Stew),,26,2,28,81,183,275,0.93,8
15047,Nyirinyiri (Camel meat),,7,6.9,21,213,407,346,3.62,17
15048,Mbuboyi (Blood Cooked in Fresh Milk),,57,13.9,8,62,199,361,1.08,17
15049,Ashir,,18,0.2,9,29,39,128,0.21,1
15051,"Ugali (Cassava, Fingermillet and Sorghum Flour Ugali)",,69,1.7,40,70,236,11,0.53,4
15052,Yam Stew,,13,0.7,14,46,279,347,0.21,0
15053,Githeri (stewed Maize & Beans),,39,2.2,41,214,281,233,1.01,2
15054,"Mukimo (Maize, Beans, Potatoes & Pumpkin Leaves)",,38,2,36,159,436,266,0.74,2
15055,Githeri (Sauteed Fresh Maize and beans),,41,2.2,43,222,308,335,1.32,3
15056,Matoke (Stewed Green Bananas & Meat),,16,3.9,22,105,380,381,1.12,5
,,,,,,,,,,157
KENYA FOOD COMPOSITION TABLES:,2018,,,,,,,,,,,
,,Vit A,Vit A,,β-carotene,,,,Dietary,Food,,
,,,,Retinol,,Thiamin,Riboflavin,Niacin,,,Vit B12,Vit C
Code,Food name,RAE,RE,,equivalent,,,,Folate Eq.,folate,,
,,,,(mcg),,(mg),(mg),(mg),,,(mg),(mg)
,,(mcg),(mcg),,(mcg),,,,(mcg),(mcg),,
15,MIXED DISHES,,,,,,,,,,,
15029,Drop Scones,88,89,86,21,0.33,0.33,2,166*,21,0.66,0
15030,“Terere” (Stir fried amaranth leaves),209,418,0,2510,0.03,0.16,0.6,37,37,0,49.3
15031,Sukumawiki (Stir fried kales),122,243,0,1460,0.08,0.1,0.8,35,35,0,82.1
15032,Stir-fried Cabbage,0,0,0,1,0.04,0.04,0.4,11,11,0,38.6
,Mrenda and Seveve (Jute Mallow and,,,,,,,,,,,
15033,,72,121,24,580,0.03,0.22,0.3,21,21,0.31,9.19
,Pumpkin leaves),,,,,,,,,,,
15034,Pumpkin Leaves,61,107,16,548,0.03,0.16,0.6,17,17,0.24,10.7
,"Saget, Terere & Managu (Spider plant,",,,,,,,,,,,
15035,,132,244,19,1350,0.02,0.22,0.4,80,80,0.25,16.1
,Amaranth & African Nightshade leaves),,,,,,,,,,,
15036,Pilau (Spiced Rice),5,8,2,39,0.04,0.1,1.5,12,12,0.4,5.9
15037,Mseto wa Ndengu (Rice with green grams),1,1,0,9,0.04,0.04,0.3,30,30,0,0.3
15038,Mseto wa Maharagwe (Add Rice with Beans),3,5,0,27,0.06,0.06,0.6,29,29,0,2.3
15039,Nderema (Vine Spinach),166,313,20,1759,0.05,0.17,0.8,44,44,0,56.7
15040,"Fiqe (Red Sorghum, Beans and Teff Flour)",82,131,34,584,0.15,0.12,1.4,62,62,0,24
15041,"Qanchibelo (Beef, Maize & Wheat Flour)",40,63,18,270,0.14,0.18,2.4,85*,13,0.56,19.3
15042,Qita (Maize and Wheat flour pancake),62,63,61,10,0.35,0.23,2.4,234*,28,0.15,0.2
15043,"Gurdo, Marqa (Ugali in Sour Milk)",65,67,63,24,0.1,0.2,1.3,31,31,0.15,0.4
15044,Mchuzi wa ndengu (Green Gram Stew),4,8,0,46,0.08,0.04,0.4,71,71,0,2.1
15045,Mchuzi wa Maharagwe (Bean Stew),4,8,0,50,0.04,0.03,0.3,24,24,0,1.5
15046,Mchuzi wa Ndengu Kamande (Lentil Stew),3,7,0,40,0.08,0.05,0.6,22,22,0,4.3
15047,Nyirinyiri (Camel meat),1,3,0,15,0.04,0.31,8.3,12,12,2.31,0
15048,Mbuboyi (Blood Cooked in Fresh Milk),,,65,,0.05,0.17,0.2,,,,
15049,Ashir,5,5,5,2,0.02,0.03,0.1,3,3,0.06,0
,"Ugali (Cassava, Fingermillet and Sorghum",,,,,,,,,,,
15051,,0,1,0,4,0.05,0.04,0.9,18,18,0,0.8
,Flour Ugali),,,,,,,,,,,
15052,Yam Stew,34,67,0,404,0.06,0.02,0.4,15,15,0,5.2
15053,Githeri (stewed Maize & Beans),0,1,0,2,0.1,0.06,0.8,52,52,0,0.5
,"Mukimo (Maize, Beans, Potatoes & Pumpkin",,,,,,,,,,,
15054,,4,9,0,52,0.08,0.05,0.9,48,48,0,2.7
,Leaves),,,,,,,,,,,
15055,Githeri (Sauteed Fresh Maize and beans),2,5,0,27,0.12,0.08,1,57,57,0,0.8
15056,Matoke (Stewed Green Bananas & Meat),19,36,2,208,0.05,0.08,1.4,22,22,0.34,9.8
*(15029) includes 86 mcg of FOLAC; (15041) includes 43 mcg of FOLAC; (15042) includes 121 mcg of FOLAC,,,,,,,,,,,,
158,,,,,,,,,,,,
KENYA FOOD COMPOSITION TABLES:,2018,,,,,,,,,
,,Energy,Energy,Water,Protein,Fat,Carbohydrate,Fibre,Ash,
Code,Food Name,,,,,,,,,
,,(kJ),(kcal),(g),(g),(g),available (g),(g),(g),
15,MIXED DISHES,,,,,,,,,
15057,"Mukimo (Fresh Maize, Potatoes & Pumpkin Leaves)",457,109,68.8,3,1,18.5,6.8,1.9,
15058,Stewed Potatoes & Arrowroots,380,90,78,1.9,2.1,15,1.8,1.2,
15059,"Mukimo wa Njahi (Black Beans, Green Bananas & Potatoes)",693,164,53.7,9.5,0.6,26.5,7.2,2.4,
15060,Githeri (Fresh beans and Maize),751,180,57,7.8,7.6,15.1,10.4,2.2,
15061,Mashed Potato and Bananas,750,179,62.1,2.3,8.5,22.1,2.6,2.4,
15062,Mukimo wa Njahi (Raw & Ripe Bananas),636,151,57.7,6.4,0.6,26.6,6.5,2.2,
15063,Groundnut Sauce,1240,298,50.2,10.6,23.4,9.6,3.5,2.7,
15064,Vimumunya vya Chumvi (Pumpkin & Coconut Milk),297,72,85.8,1.3,4.9,4.6,1.9,1.5,
15065,Vinolo (Banana and Maize Flour Ugali),524,124,68.4,2.2,0.9,25.5,2.5,0.6,
15066,Biryani rice,641,152,65.3,2.7,3.2,27.9,0.3,0.6,
15066,Biryani stew (Swahili Spiced Beef Stew),822,198,65.3,8.1,14.3,8.3,1.9,2.1,
15067,Vimumunya vya Sukari (Sweetened Pumpkin & Coconut Milk),390,93,79,1.1,3,14.5,1.8,0.6,
15068,Wukunu (Sweet potatoes & Dehulled Black Beans),396,94,73,4.1,0.6,15.8,4.6,1.9,
15069,Mushenye (Green Maize and Sweet Potatoes),641,153,60.4,7.1,4.1,17.6,8.6,2.1,
15070,Ingokho (Stewed Chicken),883,211,59.7,18.3,12.3,6.4,1.1,2.3,
15071,Malesele (Cow Blood with Sour Milk),1400,335,37.5,20,21.2,15.4,1,4.9,
15072,Tsiswa (Stewed termites),2140,515,10.5,31.6,38.8,7.3,5.1,6.8,
15073,Ingokho (Fried Chicken),2220,532,6.8,44.6,35.3,9.1,0,4.3,
15074,Wali wa Kuchemshwa (Boiled Rice),584,138,67.1,2.7,2,27.2,0.2,0.7,
15075,Wali wa Yasmin (Onion Fried Rice),779,185,58.9,3.2,5.1,31.2,0.6,1,
15076,Stir-fried Spinach,307,74,84.4,2.8,5.4,2,3.3,2.1,
15077,Thabai / Thaa (Stinging Nettle Leaves),143,34,92.3,1.2,2.4,1.9,0.6,1.8,
15078,Rhikhuvi (Stewed Cowpea Leaves),630,152,74.1,3.2,13.3,3.5,3.2,2.8,
15079,Kunde and Mrenda (Stewed Cowpeas and Jute Mallow leaves),238,57,83.5,3.7,2,4.4,3.3,3.1,
15080,Obwoba (Stewed Mushrooms in Peanut Butter),487,117,73.3,4.9,6.3,8.3,3.8,3.4,
15081,Chai ya Maziwa (Mixed Tea),153,36,92.1,1.1,1.2,5.4,0,0.3,
,,,,,,,,,,159
KENYA FOOD COMPOSITION TABLES:,2018,,,,,,,,
,,Ca,Fe,Mg,P,K,Na,Zn,Se
Code,Food name,,,,,,,,
,,(mg),(mg),(mg),(mg),(mg),(mg),(mg),(mcg)
15,MIXED RECIPES,,,,,,,,
15057,"Mukimo (Fresh Maize, Potatoes & Pumpkin Leaves)",44,1.6,35,116,404,336,0.93,2
15058,Stewed Potatoes & Arrowroots,8,0.9,17,38,401,173,0.44,1
15059,"Mukimo wa Njahi (Black Beans, Green Bananas & Potatoes)",31,3.2,65,152,606,273,1.06,4
15060,Githeri (Fresh beans and Maize),17,1.7,24,119,319,433,1.21,3
15061,Mashed Potato and Bananas,12,1.4,23,70,551,544,0.36,1
15062,Mukimo wa Njahi (Raw & Ripe Bananas),24,2.2,54,103,437,229,0.79,3
15063,Groundnut Sauce,132,2.3,101,209,366,492,1.2,7
15064,Vimumunya vya Chumvi (Pumpkin & Coconut Milk),16,0.3,13,39,183,325,0.25,1
15065,Vinolo (Banana and Maize Flour Ugali),9,1.2,22,68,147,9,1.16,0
15066,Biryani rice,9,0.3,9,52,22,180,0.47,0
15066,Biryani stew (Swahili Spiced Beef Stew),28,5.2,24,139,332,480,1.58,8
15067,Vimumunya vya Sukari (Sweetened Pumpkin & Coconut Milk),14,0.3,11,31,155,15,0.21,1
15068,Wukunu (Sweet potatoes & Dehulled Black Beans),21,1.5,33,82,288,229,0.41,1
15069,Mushenye (Green Maize and Sweet Potatoes),44,2.3,51,196,340,242,1.07,3
15070,Ingokho (Stewed Chicken),21,2.7,23,211,210,482,1.01,16
15071,Malesele (Cow Blood with Sour Milk),85,24.8,19,123,831,1070,1.85,29
15072,Tsiswa (Stewed termites),137,29.8,13,584,412,2280,0.41,5
15073,Ingokho (Fried Chicken),31,5.6,38,492,410,932,2.13,39
15074,Wali wa Kuchemshwa (Boiled Rice),9,0.3,9,50,21,216,0.46,0
15075,Wali wa Yasmin (Onion Fried Rice),13,0.5,12,61,46,275,0.53,1
15076,Stir-fried Spinach,99,3.7,66,47,299,870,0.62,1
15077,Thabai / Thaa (Stinging Nettle Leaves),132,1.4,28,26,113,312,0.14,1
15078,Rhikhuvi (Stewed Cowpea Leaves),146,1.3,23,49,202,660,0.53,1
15079,Kunde and Mrenda (Stewed Cowpeas and Jute Mallow leaves),158,2.4,23,93,244,761,0.64,2
15080,Obwoba (Stewed Mushrooms in Peanut Butter),38,1.4,47,130,408,822,0.54,15
15081,Chai ya Maziwa (Mixed Tea),42,0,5,40,45,15,0.21,1
160,,,,,,,,,
KENYA FOOD COMPOSITION TABLES:,2018,,,,,,,,,,,,
,,Vit A,Vit A,,β-carotene,,,,Dietary,Food,Vit,,
,,,,Retinol,,Thiamin,Riboflavin,Niacin,,,,Vit C,
Code,Food name,RAE,RE,,equivalent,,,,Folate Eq.,folate,B12,,
,,,,(mcg),,(mg),(mg),(mg),,,,(mg),
,,(mcg),(mcg),,(mcg),,,,(mcg),(mcg),(mg),,
15,MIXED DISHES,,,,,,,,,,,,
15057,"Mukimo (Fresh Maize, Potatoes & Pumpkin Leaves)",14,27,0,163,0.09,0.06,1.2,36,36,0,3.7,
15058,Stewed Potatoes & Arrowroots,3,7,0,40,0.08,0.05,1,12,12,0,7.1,
,"Mukimo wa Njahi (Black Beans, Green Bananas &",,,,,,,,,,,,
15059,,0,0,0,2,0.2,0.08,1.2,19,19,0,4.2,
,Potatoes),,,,,,,,,,,,
15060,Githeri (Fresh beans and Maize),6,13,0,76,0.13,0.09,1.4,54,54,0,9.2,
15061,Mashed Potato and Bananas,4,8,0,49,0.06,0.04,0.9,35,35,0,12.6,
15062,Mukimo wa Njahi (Raw & Ripe Bananas),1,2,0,12,0.15,0.07,0.8,14,14,0,9.8,
15063,Groundnut Sauce,28,28,28,2,0.28,0.21,5,27,27,0.17,0,
15064,Vimumunya vya Chumvi (Pumpkin & Coconut Milk),88,176,0,1060,0.05,0.05,0.6,22,22,0,5.5,
15065,Vinolo (Banana and Maize Flour Ugali),16,16,16,1,0.12,0.08,0.9,96*,8,0,6.2,
15066,Biryani rice,0,0,0,0,0.02,0.04,0.4,3,3,0,0,
15066,Biryani stew (Swahili Spiced Beef Stew),24,43,6,225,0.04,0.13,1.8,14,14,0.47,14.5,
,Vimumunya vya Sukari (Sweetened Pumpkin &,,,,,,,,,,,,
15067,,81,162,0,973,0.05,0.04,0.5,19,19,0,5,
,Coconut Milk),,,,,,,,,,,,
15068,Wukunu (Sweet potatoes & Dehulled Black Beans),1,1,0,8,0.1,0.04,0.7,9,9,0,12.6,
15069,Mushenye (Green Maize and Sweet Potatoes),1,3,0,16,0.15,0.07,1.6,50,50,0,5.9,
15070,Ingokho (Stewed Chicken),63,74,53,125,0.11,0.13,5.1,14,14,0.38,18.4,
15071,Malesele (Cow Blood with Sour Milk),-,-,106,-,0.1,0.25,0.7,-,-,-,-,
15072,Tsiswa (Stewed termites),95,96,94,10,0.05,3.15,2.9,4,4,0.25,1.3,
15073,Ingokho (Fried Chicken),134,134,134,0,0.18,0.25,12.3,13,13,0.97,2.3,
15074,Wali wa Kuchemshwa (Boiled Rice),0,0,0,0,0.02,0.04,0.4,3,3,0,0,
15075,Wali wa Yasmin (Onion Fried Rice),0,0,0,1,0.02,0.05,0.5,4,4,0,0.9,
15076,Stir-fried Spinach,142,284,0,1700,0.02,0.08,0.5,70,70,0,16.9,
15077,Thabai / Thaa (Stinging Nettle Leaves),0,1,0,4,0.01,0.06,0.2,62,62,0,1,
15078,Rhikhuvi (Stewed Cowpea Leaves),32,52,12,239,0.19,0.22,0.7,31,31,0.15,12.6,
,Kunde and Mrenda (Stewed Cowpeas and Jute,,,,,,,,,,,,
15079,,84,147,21,757,0.1,0.29,0.4,38,38,0.28,13.1,
,Mallow leaves),,,,,,,,,,,,
15080,Obwoba (Stewed Mushrooms in Peanut Butter),6,12,0,69,0.17,0.35,2.2,27,27,0,6.7,
15081,Chai ya Maziwa (Mixed Tea),14,14,13,6,0,0,0,1,1,0.17,0,
*(15065) includes 52 mcg of FOLAC,,,,,,,,,,,,,
,,,,,,,,,,,,,161
KENYA FOOD COMPOSITION TABLES:,2018,,,,,,,,,
,,,Energy,,Water,Protein,Fat,Carbohydrate,Fibre,Ash
Code,Food Name,,Energy (kcal),,,,,,,
,,,(kJ),,(g),(g),(g),available (g),(g),(g)
15,MIXED DISHES,,,,,,,,,
15082,Stewed Dried Fish,,1380,330,42.7,25.7,23.2,3.9,1.4,3
15083,Kimanga cha Ndizi (Smoked Green Bananas and Kidney Beans),,614,146,57.7,6.5,0.9,24.1,7.7,3.1
15084,Kimanga Cha Mihogo (Mashed Cassava and Pigeon Peas),,823,194,46.8,4.8,0.6,39.6,5.8,2.4
15085,Ndoto (Sauteed Red Kidney Beans & Red Sorghum),,806,193,56.4,5.7,7.9,21.3,7,1.9
15086,Muthokoi (Dehulled Maize and Beans),,677,161,62.7,5,5.9,19.8,4.6,2
15087,Beef Stew,,756,181,65.7,17.7,10.4,3.8,0.8,1.7
15088,"Munono (Cow blood, beef, cow fat)",,2270,549,23.9,19.5,50.3,4.6,0,1.8
15089,Osarge Ogkole (Fresh blood and Fresh milk),,340,81,82.5,6.1,3.1,7,0,1.2
15090,Kimanga cha Viazi Vitamu,(Mashed Sweet Potato & Black Beans),472,112,68,5.4,0.5,18.9,5.2,2.1
15091,Kitojo (Sweet Potato Leaves),,596,144,74.6,3.9,12.7,1.4,4.6,2.9
15092,Mchuzi wa Mbaazi (Pigeon Peas Stew),,494,118,70.9,5.7,4.4,11,6.1,1.9
15093,Nchenga/ Nzenga (Crushed Maize),,542,129,69.5,2.2,3.9,20.3,1.8,2.2
15094,Mseto wa Viazi (Potatoes in Rice),,469,111,73.7,2.2,1.9,21.1,0.5,0.6
15095,Likhanga (Stewed Guinea Fowl),,642,154,69.7,15.8,9,2,0.7,2.7
15096,Fried tilapia,,1821,437,23.5,45.7,28.1,0.3,0,2.5
15097,Stewed Green Bananas,,350,84,81.8,1,3.8,10.4,2.2,0.8
15098,Stir Fried Beef,,1070,255,50.3,26.7,14.1,5,1,3.1
15099,Stir Fried Goat Meat,,1600,383,30.2,32.1,23.3,10.4,1.7,2.3
15100,Finger Millet Ugali,,505,120,65.1,2.9,0.7,21,8.9,1.4
15101,Omena wa Kukaangwa (Fried Omena),,1860,450,32.8,19.2,39.3,4.6,0.8,3.4
15102,Aluru (Stewed Quails),,809,195,65.9,11.3,14.2,5.2,0.6,2.9
15103,Mashed Potatoes,,449,106,71,2.5,0.2,22.8,1.7,1.8
15104,Mashed Bananas,,344,81,76.9,1.2,0.3,16.9,3,1.7
15105,Enriched Mashed Potatoes,,591,141,70.4,2,6.2,18.6,1.4,1.4
15106,Enriched Mashed Bananas,,568,136,72.9,1,7.8,14.3,2.6,1.5
15107,Stewed Nile Perch,,522,125,74,14.3,6.3,2.5,0.5,2.4
15108,Stewed Goat Meat,,925,222,59.4,17.1,14.6,5.2,0.8,2.9
162,,,,,,,,,,
KENYA FOOD COMPOSITION TABLES:,2018,,,,,,,,,
,,,Ca,Fe,Mg,P,K,Na,Zn,Se
Code,Food name,,,,,,,,,
,,(mg),,(mg),(mg),(mg),(mg),(mg),(mg),(mcg)
15,MIXED DISHES,,,,,,,,,
15082,Stewed Dried Fish,,189,2.1,57,395,403,572,1.02,29
15083,Kimanga cha Ndizi (Smoked Green Bananas and Kidney Beans),,46,2,43,188,401,485,0.89,2
15084,Kimanga Cha Mihogo (Mashed Cassava and Pigeon Peas),,94,1.6,44,93,469,303,0.85,4
15085,Ndoto (Sauteed Red Kidney Beans & Red Sorghum),,25,1.8,53,162,211,270,0.89,6
15086,Muthokoi (Dehulled Maize and Beans),,27,1.3,25,120,185,325,0.59,1
15087,Beef Stew,,12,11.2,27,257,264,315,3.48,18
15088,"Munono (Cow blood, beef, cow fat)",,10,16.6,19,203,245,286,3.19,23
15089,Osarge Ogkole (Fresh blood and Fresh milk),,101,4.7,11,105,161,148,0.79,8
15090,Kimanga cha Viazi Vitamu,(Mashed Sweet Potato & Black Beans),32,1.6,38,78,388,276,0.63,2
15091,Kitojo (Sweet Potato Leaves),,97,0.9,51,31,500,648,0.26,1
15092,Mchuzi wa Mbaazi (Pigeon Peas Stew),,47,1.4,33,69,260,281,0.74,4
15093,Nchenga/ Nzenga (Crushed Maize),,13,0.3,11,22,85,552,0.16,0
15094,Mseto wa Viazi (Potatoes in Rice),,9,0.4,9,45,92,131,0.38,0
15095,Likhanga (Stewed Guinea Fowl),,31,2,22,152,240,736,1.25,18
15096,Fried tilapia,,252,6.2,40,387,349,149,1.16,39
15097,Stewed Green Bananas,,9,0.7,15,24,175,100,0.21,1
15098,Stir Fried Beef,,16,16.4,40,422,483,682,5.13,27
15099,Stir Fried Goat Meat,,33,4.1,50,424,465,221,5.74,43
15100,Finger Millet Ugali,,137,4.4,61,72,212,3,0.67,6
15101,Omena wa Kukaangwa (Fried Omena),,879,2.3,33,782,281,90,5.28,7
15102,Aluru (Stewed Quails),,90,1.6,23,202,302,761,1.24,9
15103,Mashed Potatoes,,10,1.4,20,82,650,330,0.32,1
15104,Mashed Bananas,,8,0.6,20,25,245,348,0.19,1
15105,Enriched Mashed Potatoes,,10,1.1,16,67,529,209,0.26,1
15106,Enriched Mashed Bananas,,8,0.5,17,22,207,276,0.16,1
15107,Stewed Nile Perch,,105,1,26,216,203,596,0.51,16
15108,Stewed Goat Meat,,16,2.1,25,225,235,783,3.04,23
,,,,,,,,,,163
KENYA FOOD COMPOSITION TABLES:,2018,,,,,,,,,,,
,,Vit A,Vit A,,β-carotene,,,,Dietary,Food,,
,,,,Retinol,,Thiamin,Riboflavin,Niacin,,,Vit B12,Vit C
Code,Food name,RAE,RE,,equivalent,,,,Folate Eq.,folate,,
,,,,(mcg),,(mg),(mg),(mg),,,(mg),(mg)
,,(mcg),(mcg),,(mcg),,,,(mcg),(mcg),,
15,MIXED DISHES,,,,,,,,,,,
15082,Stewed Dried Fish,0,0,57,124,0.05,0.03,3.3,0,19,1.52,10.4
,Kimanga cha Ndizi (Smoked Green Bananas,,,,,,,,,,,
15083,,2,3,0,20,0.1,0.09,0.9,48,48,0,0.8
,and Kidney Beans),,,,,,,,,,,
,Kimanga Cha Mihogo (Mashed Cassava and,,,,,,,,,,,
15084,,4,8,0,49,0.13,0.07,0.8,52,52,0,1.5
,Pigeon Peas),,,,,,,,,,,
,Ndoto (Sauteed Red Kidney Beans & Red,,,,,,,,,,,
15085,,0,1,0,3,0.08,0.05,1,35,35,0,0.4
,Sorghum),,,,,,,,,,,
15086,Muthokoi (Dehulled Maize and Beans),0,0,0,2,0.07,0.04,0.4,31,31,0,0.4
15087,Beef Stew,14,21,7,89,0.01,0.2,3.3,7,7,1.16,7.7
15088,"Munono (Cow blood, beef, cow fat)",-,-,34,-,0.03,0.18,2.6,-,-,-,-
15089,Osarge Ogkole (Fresh blood and Fresh milk),-,-,49,-,0.02,0.23,0.1,-,-,-,-
,Kimanga cha Viazi Vitamu,(Mashed Sweet,,,,,,,,,,
15090,,4,8,0,49,0.12,0.05,0.8,9,9,0,7.8
,Potato & Black Beans),,,,,,,,,,,
15091,Kitojo (Sweet Potato Leaves),138,276,0,1653,0.07,0.26,0.9,2,2,0,8.1
15092,Mchuzi wa Mbaazi (Pigeon Peas Stew),8,16,0,93,0.13,0.03,0.5,47,47,0,2.9
15093,Nchenga/ Nzenga (Crushed Maize),87,173,0,1038,0.03,0.01,0.2,5,5,0,1.5
15094,Mseto wa Viazi (Potatoes in Rice),2,4,0,23,0.02,0.03,0.4,7,7,0,2.5
15095,Likhanga (Stewed Guinea Fowl),10,18,2,96,0.02,0.15,2.4,7,7,0.14,8.4
15096,Fried tilapia,24,24,24,0,0.09,0.35,7.5,12,12,3.5,0
15097,Stewed Green Bananas,6,13,0,75,0.03,0.03,0.3,10,10,0,13.2
15098,Stir Fried Beef,19,28,10,107,0.02,0.31,5.1,10,10,1.86,9.4
15099,Stir Fried Goat Meat,42,60,24,214,0.2,0.33,5.4,14,14,2.84,18.7
15100,Finger Millet Ugali,0,0,0,1,0.06,0.01,1.6,26,26,0,0
15101,Omena wa Kukaangwa (Fried Omena),55,69,41,171,0.11,0.17,5.4,22,22,16.78,10.9
15102,Aluru (Stewed Quails),51,58,44,80,0.06,0.36,2.7,9,9,0.61,7.9
15103,Mashed Potatoes,0,0,0,0,0.06,0.03,1.1,42,42,0,6
15104,Mashed Bananas,0,0,0,2,0.04,0.03,0.2,11,11,0,13.7
15105,Enriched Mashed Potatoes,51,54,48,38,0.05,0.03,0.9,34,34,0,4.9
15106,Enriched Mashed Bananas,63,67,59,48,0.03,0.03,0.2,9,9,0.01,11.6
15107,Stewed Nile Perch,16,22,10,68,0.01,0.01,1.6,9,9,0.86,5.2
15108,Stewed Goat Meat,21,29,13,94,0.11,0.17,2.9,8,8,1.52,8.2
164,,,,,,,,,,,,
KENYA FOOD COMPOSITION TABLES:,,2018,,,,,,,,
,,,Energy,,Water,Protein,Fat,Carbohydrate,Fibre,Ash
Code,Food Name,,Energy (kcal),,,,,,,
,,,(kJ),,(g),(g),(g),available (g),(g),(g)
15,MIXED DISHES,,,,,,,,,
15109,Pan Fried Sweet Potatoes,,1040,248,51.7,3.1,13.9,25.3,4.9,1.2
15110,Potato Chips,,1370,326,32.1,4.8,13.6,44.4,3.3,1.9
15111,Kimito (Mashed Beans & Potatoes),,537,127,64.1,5.7,0.8,21.6,5.4,2.3
15112,Arrowroot Stew,,383,91,77.8,1.9,2.3,14.9,1.8,1.4
15113,Sweet Potatoes with Peanut Butter,,373,89,81.1,2.2,4.4,9.3,2.2,0.9
15114,Black Bean Stew (Dolichos/ Njahi Stew),,261,62,83.6,3.6,1.3,7.7,2.8,1.1
15115,Bean Stew with Milk and Cream,,584,139,65.2,7.2,4.5,14.3,6.7,2.2
15116,Mcheleng (Rice with Milk),,741,176,61.5,3.9,5.7,27.2,0.2,1.4
15117,Pan Fried Arrowroots,,761,181,56.9,4.1,5.2,28.3,2.5,3.1
15118,Nyenyi (Mashed Pigeon Peas & Green Maize),,524,125,66.4,4.9,2.3,17.8,6.5,2
15119,Finger Millet and Sorghum Porridge,,311,74,82.3,2.7,2.2,9.7,2.3,0.8
15120,Mashed Pumpkin and Black Nightshade Leaves,,277,67,80.8,3.8,2.4,4.9,5.1,3
15121,Enriched Matoke,,465,111,73.7,2.4,3.5,15.8,3.2,1.4
15122,Oatmeal,,351,83,78.3,2.4,1.7,12.9,3.5,1.2
15123,Oat Porridge (Uji,wa Shayiri),363,86,79.3,1.9,1.6,15.3,1.4,0.5
15124,Enriched Mandazi (East African Doughnuts; Enriched),,1590,379,23.5,7.6,16.1,49.9,2.2,0.8
15125,Basic Mandazi (East African Doughnuts; Basic),,1430,340,28.2,6.4,12.9,48.7,2.1,1.7
15126,Stewed Split Dal,,291,69,81.8,3.7,1.9,8.1,2.7,1.9
15127,Potato Curry,,608,145,69,2.2,7,17.3,2.2,2.3
15128,Peas and Brinjal Curry,,544,131,72.5,4.2,8.5,6.6,5.8,2.4
15129,Steamed Rice (Wali wa Mvuke),,513,121,68.6,2.6,0.3,26.7,0.2,1.5
15130,Rotli (Indian Chapati),,1560,374,21.6,8,16.7,43.8,7.9,2
15131,Potato Bhajia,,1960,471,15.1,8.6,31,37.1,4.8,3.5
15132,Chaas (Diluted Yoghurt),,252,60,86.6,2,2.2,8,0,1.1
15133,Siro (Semolina & Nuts),,1720,412,28.4,4.3,26.1,39.4,1.1,0.8
15134,Minced Meat Balls,,659,157,65.9,8.1,5.4,18.6,0.8,1.3
15136,Wheat Flour Porridge (Uji wa Ngano),,468,111,76.3,2.5,3.9,16.1,0.9,0.3
15137,Okra Meat Dish,,394,94,80.1,8.2,5.1,3.2,1.3,2.1
,,,,,,,,,,165
KENYA FOOD COMPOSITION TABLES:,,2018,,,,,,,,
,,,Ca,Fe,Mg,P,K,Na,Zn,Se
Code,Food name,,,,,,,,,
,,(mg),,(mg),(mg),(mg),(mg),(mg),(mg),(mcg)
15,MIXED DISHES,,,,,,,,,
15109,Pan Fried Sweet Potatoes,,44,0.8,21,50,325,16,0.73,1
15110,Potato Chips,,17,2.7,37,159,1260,13,0.63,1
15111,Kimito (Mashed Beans & Potatoes),,35,2.2,36,173,557,359,0.77,2
15112,Arrowroot Stew,,11,0.9,18,41,431,250,0.44,1
15113,Sweet Potatoes with Peanut Butter,,23,0.7,21,33,179,130,0.42,1
15114,Black Bean Stew (Dolichos/ Njahi Stew),,17,1.2,26,55,175,164,0.42,2
15115,Bean Stew with Milk and Cream,,66,1.9,34,197,259,273,0.96,2
15116,Mcheleng (Rice with Milk),,53,0.4,12,96,73,419,0.64,1
15117,Pan Fried Arrowroots,,8,1.3,29,50,696,616,1.09,1
15118,Nyenyi (Mashed Pigeon Peas & Green Maize),,56,1.8,41,106,479,273,0.89,4
15119,Finger Millet and Sorghum Porridge,,93,1.1,24,91,130,23,0.54,4
15120,Mashed Pumpkin and Black Nightshade Leaves,,91,6.7,41,75,456,411,0.66,1
15121,Enriched Matoke,,15,0.9,33,37,256,220,0.32,2
15122,Oatmeal,,15,1,35,110,82,209,0.71,10
15123,Oat Porridge (Uji,wa Shayiri),39,0.4,18,77,69,14,0.45,5
15124,Enriched Mandazi (East African Doughnuts; Enriched),,45,3.3,21,134,105,80,0.66,2
15125,Basic Mandazi (East African Doughnuts; Basic),,136,3.5,19,331,350,241,0.52,0
15126,Stewed Split Dal,,22,1.2,21,54,142,459,0.42,6
15127,Potato Curry,,25,1.7,22,68,475,537,0.41,1
15128,Peas and Brinjal Curry,,38,2.1,30,71,253,520,1.96,2
15129,Steamed Rice (Wali wa Mvuke),,10,0.3,9,49,22,521,0.45,1
15130,Rotli (Indian Chapati),,25,2.7,83,199,234,354,1.64,27
15131,Potato Bhajia,,29,3,39,132,783,587,0.78,2
15132,Chaas (Diluted Yoghurt),,106,0.1,8,66,93,262,0.24,2
15133,Siro (Semolina & Nuts),,81,0.5,19,105,140,24,0.66,4
15134,Minced Meat Balls,,14,4.4,17,126,133,321,1.55,7
15136,Wheat Flour Porridge (Uji wa Ngano),,14,0.9,21,32,60,3,0.24,1
15137,Okra Meat Dish,,23,5.2,24,126,199,559,1.65,8
166,,,,,,,,,,
KENYA FOOD COMPOSITION TABLES:,,2018,,,,,,,,,,,
,,Vit A,Vit A,,β-carotene,,,,Dietary,Food,,,
,,,,Retinol,,Thiamin,Riboflavin,Niacin,,,Vit B12,Vit C,
Code,Food name,RAE,,RE,equivalent,,,,Folate Eq.,folate,,,
,,,,(mcg),,,(mg),(mg),(mg),,,(mg),(mg)
,,(mcg),(mcg),,(mcg),,,,(mcg),(mcg),,,
15,MIXED DISHES,,,,,,,,,,,,
15109,Pan Fried Sweet Potatoes,,796,1590,0,9550,0.04,0.07,1.2,11,11,0,35.2
15110,Potato Chips,,0,0,0,0,0.11,0.07,2.3,82,82,0,12
15111,Kimito (Mashed Beans & Potatoes),,0,0,0,1,0.09,0.06,1,58,58,0,3.4
15112,Arrowroot Stew,,48,95,0,570,0.09,0.05,1.1,13,13,0,5.3
15113,Sweet Potatoes with Peanut Butter,,263,526,0,3160,0.05,0.04,1.1,10,10,0,17
15114,Black Bean Stew (Dolichos/ Njahi Stew),,3,5,0,30,0.07,0.03,0.4,4,4,0,2.6
15115,Bean Stew with Milk and Cream,,25,32,19,77,0.08,0.11,0.6,47,47,0.12,4.4
15116,Mcheleng (Rice with Milk),,44,47,42,27,0.02,0.14,0.3,9,9,0.2,0
15117,Pan Fried Arrowroots,,2,3,0,20,0.21,0.1,2.4,0,0,0,1.7
15118,Nyenyi (Mashed Pigeon Peas & Green Maize),,23,34,12,130,0.14,0.05,1,54,54,0,2.9
15119,Finger Millet and Sorghum Porridge,,22,23,22,10,0.02,0.14,0.4,9,9,0.28,0
15120,Mashed Pumpkin and Black Nightshade Leaves,,88,176,0,1050,0.09,0.27,1.4,233,233,0,21.5
15121,Enriched Matoke,,0,0,0,2,0.08,0.04,1,14,14,0,12
15122,Oatmeal,,0,0,0,0,0.13,0.03,0.2,6,6,0,0
15123,Oat Porridge (Uji,wa Shayiri),11,11,11,5,0.05,0.08,0.1,3,3,0.14,0
,Enriched Mandazi (East African Doughnuts;,,,,,,,,,,,,
15124,,,90,92,88,24,0.47,0.36,3,236*,21,0.57,0.7
,Enriched),,,,,,,,,,,,
15125,Basic Mandazi (East African Doughnuts; Basic),,48,48,48,1,0.46,0.29,3,230*,17,0.4,0
15126,Stewed Split Dal,,9,18,0,105,0.05,0.03,0.3,31,31,0,4.8
15127,Potato Curry,,10,20,0,120,0.06,0.04,0.9,32,32,0,11.4
15128,Peas and Brinjal Curry,,29,58,0,348,0.13,0.09,1.1,56,56,0,16.8
15129,Steamed Rice,(Wali wa Mvuke),0,0,0,0,0.02,0.04,0.4,2,2,0,0
15130,Rotli (Indian Chapati),,44,46,42,25,0.32,0.09,2.2,39*,0,0,0
15131,Potato Bhajia,,5,9,1,50,0.17,0.09,1.8,81,81,0,8.2
15132,Chaas (Diluted Yoghurt),,24,26,23,16,0.04,0.11,0,0,0,0.12,0
15133,Siro (Semolina & Nuts),,196,205,187,105,0.03,0.18,0.3,9,9,0.32,0
15134,Minced Meat Balls,,9,16,2,79,0.02,0.1,1.4,5,5,0.43,4.1
15136,Wheat Flour Porridge (Uji wa Ngano),,7,7,7,0,0.11,0.05,1.4,37*,7,0.06,0
15137,Okra Meat Dish,,15,28,3,151,0.03,0.1,1.7,13,13,0.51,9.3
* (15124) includes 127 mcg of FOLAC; (15125) includes 125 mcg of FOLAC; (15130) includes 23 mcg of FOLAC; (15136) includes 17 mcg of FOLAC,,,,,,,,,,,,,
,,,,,,,,,,,,,167
KENYA FOOD COMPOSITION TABLES:,2018,,,,,,,,,,,
,,,Energy,,Energy,Water,Protein,Fat,Carbohydrate,Fibre,,Ash
Code,Food Name,,,,,,,,,,,
,,,(kJ),,(kcal),(g),(g),(g),available (g),(g),,(g)
15,MIXED DISHES,,,,,,,,,,,
15138,Hydrabadi Biryani,,819,,195,59.3,8.2,8.3,21.4,0.9,,1.9
15139,Chick Peas Curry,,524,,126,69.2,6,5.1,10.3,7.3,,2.1
15140,Bhature (Fried Indian Bread),,1410,,337,36.1,5.9,18.5,35.9,1.7,,1.9
15141,Pumpkins with Peanut Butter,,359,,86,82.7,2.6,5.5,5.4,2.6,,1.3
15142,Firinda (Skinned bean Stew),,390,,93,74.9,5.2,2.3,10.2,5.3,,2.1
,,,Ca,,Fe,Mg,P,K,Na,Zn,,Se
Code,Food name,,,,,,,,,,,
,,,(mg),(mg),(mg),(mg),,(mg),(mg),(mg),,(mcg)
15,MIXED DISHES,,,,,,,,,,,
15138,Hydrabadi Biryani,,35,,1,22,115,187,457,0.62,,15
15139,Chick Peas Curry,,77,,2.5,48,83,329,426,0.96,,11
15140,Bhature (Fried Indian Bread),,62,,2.8,18,108,109,518,0.5,,1
15141,Pumpkins with Peanut Butter,,24,,0.6,29,44,195,196,0.36,,1
15142,Firinda (Skinned bean Stew),,43,,1.6,32,150,229,355,0.7,,2
,,Vit A,Vit A,,β-carotene,,,,Dietary,Food,,
,,,,Retinol,,Thiamin,Riboflavin,Niacin,,,Vit B12,Vit C
Code,Food name,RAE,RE,,equivalent,,,,Folate Eq.,folate,,
,,,,(mcg),,(mg),(mg),(mg),,,(mg),(mg)
,,(mcg),(mcg),,(mcg),,,,(mcg),(mcg),,
15,MIXED DISHES,,,,,,,,,,,
15138,Hydrabadi Biryani,13,19,8,65,0.06,0.09,1.2,4,4,1.08,1.9
15139,Chick Peas Curry,12,23,0,140,0.11,0.06,0.6,61,61,0,5.5
15140,Bhature (Fried Indian Bread),73,87,58,170,0.38,0.27,2.4,180*,15,0.35,1.4
15141,Pumpkins with Peanut Butter,91,182,0,1090,0.1,0.06,1.6,26,26,0,5.5
15142,Firinda (Skinned bean Stew),2,4,0,24,0.09,0.05,0.6,69,69,0,1
*(15140) includes 97 mcg of FOLAC,,,,,,,,,,,,
168,,,,,,,,,,,,
